번호,정답,배점,시대,검토필요,해설
1,2,1,전삼국,,
2,4,1,전삼국,,
3,2,2,삼국,,
4,1,1,삼국,,
5,2,3,남북국,,
6,1,3,삼국,,
7,3,1,삼국,,
8,2,2,남북국,,
9,5,2,남북국,,
10,3,2,남북국,,
11,5,2,고려,,
12,5,2,고려,,
13,1,3,고려,,
14,3,2,고려,,
15,3,2,고려,,
16,3,1,고려,,
17,4,2,고려,,
18,5,3,고려,,
19,5,2,조선,,
20,4,2,조선,,
21,2,1,조선,,
22,4,3,조선,,
23,4,2,조선,,
24,3,2,조선,,
25,1,3,조선,,
26,3,2,조선,,
27,1,1,조선,,
28,5,1,개항기,,
29,1,2,개항기,,
30,2,2,개항기,,
31,2,3,개항기,,
32,1,2,개항기,,
33,4,2,개항기,,
34,2,2,개항기,,
35,2,1,개항기,,
36,1,3,일제강점기,,
37,3,3,일제강점기,,
38,5,2,일제강점기,,
39,5,2,일제강점기,,
40,4,2,일제강점기,,
41,1,1,일제강점기,,
42,4,2,일제강점기,,
43,3,2,일제강점기,,
44,4,2,일제강점기,,
45,5,2,해방이후,,
46,1,2,일제강점기,,
47,2,2,해방이후,,
48,5,2,해방이후,,
49,2,2,해방이후,,
50,3,3,미분류,,
